"Name","base.n_epochs","base.optimizer.params.lr","model.freezing_strategy","model.is_load_pretrained","model.missing_modalities_strategy","model.pretrained_model_name","Runtime","Notes","final.test.c_index.max","final.test.c_index.mean","final.test.c_index.min","final.test.c_index.std","final.test.cs_score.max","final.test.cs_score.mean","final.test.cs_score.min","final.test.cs_score.std","final.test.ibs.max","final.test.ibs.mean","final.test.ibs.min","final.test.ibs.std","final.test.inbll.max","final.test.inbll.mean","final.test.inbll.min","final.test.inbll.std","final.test.task_loss.max","final.test.task_loss.mean","final.test.task_loss.min","final.test.task_loss.std","final.test_in_intersection.c_index.max","final.test_in_intersection.c_index.mean","final.test_in_intersection.c_index.min","final.test_in_intersection.c_index.std","final.test_in_intersection.cs_score.max","final.test_in_intersection.cs_score.mean","final.test_in_intersection.cs_score.min","final.test_in_intersection.cs_score.std","final.test_in_intersection.ibs.max","final.test_in_intersection.ibs.mean","final.test_in_intersection.ibs.min","final.test_in_intersection.ibs.std","final.test_in_intersection.inbll.max","final.test_in_intersection.inbll.mean","final.test_in_intersection.inbll.min","final.test_in_intersection.inbll.std","final.test_in_intersection.task_loss.max","final.test_in_intersection.task_loss.mean","final.test_in_intersection.task_loss.min","final.test_in_intersection.task_loss.std","final.valid.c_index.max","final.valid.c_index.mean","final.valid.c_index.min","final.valid.c_index.std","final.valid.cs_score.max","final.valid.cs_score.mean","final.valid.cs_score.min","final.valid.cs_score.std","final.valid.epoch.max","final.valid.epoch.mean","final.valid.epoch.min","final.valid.ibs.max","final.valid.ibs.mean","final.valid.ibs.min","final.valid.ibs.std","final.valid.inbll.max","final.valid.inbll.mean","final.valid.inbll.min","final.valid.inbll.std","final.valid.task_loss.max","final.valid.task_loss.mean","final.valid.task_loss.min","final.valid.task_loss.std","test/fold_0/c_index","test/fold_0/cs_score","test/fold_0/epoch","test/fold_0/ibs","test/fold_0/inbll","test/fold_0/task_loss","test/fold_1/c_index","test/fold_1/cs_score","test/fold_1/epoch","test/fold_1/ibs","test/fold_1/inbll","test/fold_1/task_loss","test/fold_2/c_index","test/fold_2/cs_score","test/fold_2/epoch","test/fold_2/ibs","test/fold_2/inbll","test/fold_2/task_loss","test/fold_3/c_index","test/fold_3/cs_score","test/fold_3/epoch","test/fold_3/ibs","test/fold_3/inbll","test/fold_3/task_loss","test/fold_4/c_index","test/fold_4/cs_score","test/fold_4/epoch","test/fold_4/ibs","test/fold_4/inbll","test/fold_4/task_loss","test_intersection/fold_0/c_index","test_intersection/fold_0/cs_score","test_intersection/fold_0/ibs","test_intersection/fold_0/inbll","test_intersection/fold_0/task_loss","test_intersection/fold_1/c_index","test_intersection/fold_1/cs_score","test_intersection/fold_1/ibs","test_intersection/fold_1/inbll","test_intersection/fold_1/task_loss","test_intersection/fold_2/c_index","test_intersection/fold_2/cs_score","test_intersection/fold_2/ibs","test_intersection/fold_2/inbll","test_intersection/fold_2/task_loss","test_intersection/fold_3/c_index","test_intersection/fold_3/cs_score","test_intersection/fold_3/ibs","test_intersection/fold_3/inbll","test_intersection/fold_3/task_loss","test_intersection/fold_4/c_index","test_intersection/fold_4/cs_score","test_intersection/fold_4/ibs","test_intersection/fold_4/inbll","test_intersection/fold_4/task_loss","train/fold_0/epoch","train/fold_0/task_loss","train/fold_1/epoch","train/fold_1/task_loss","train/fold_2/epoch","train/fold_2/task_loss","train/fold_3/epoch","train/fold_3/task_loss","train/fold_4/epoch","train/fold_4/task_loss","val/fold_0/c_index","val/fold_0/cs_score","val/fold_0/epoch","val/fold_0/ibs","val/fold_0/inbll","val/fold_0/task_loss","val/fold_1/c_index","val/fold_1/cs_score","val/fold_1/epoch","val/fold_1/ibs","val/fold_1/inbll","val/fold_1/task_loss","val/fold_2/c_index","val/fold_2/cs_score","val/fold_2/epoch","val/fold_2/ibs","val/fold_2/inbll","val/fold_2/task_loss","val/fold_3/c_index","val/fold_3/cs_score","val/fold_3/epoch","val/fold_3/ibs","val/fold_3/inbll","val/fold_3/task_loss","val/fold_4/c_index","val/fold_4/cs_score","val/fold_4/epoch","val/fold_4/ibs","val/fold_4/inbll","val/fold_4/task_loss","Tags"
"test_multimodal_mae","20","0.005","true","true","","multimodal_rna_dna_bigset_800_mae_29_march","1163","-","0.8277938342967245","0.8180980797781989","0.8029865125240848","0.009712888027629473","0.863010487067787","0.8570419309819745","0.8478097468170471","0.006077361585194194","0.11464450833975236","0.10401421781425033","0.09928247846483607","0.005478198301151649","0.3436220351781853","0.3143894239769819","0.30319072615017695","0.014817302325010832","1.0654661005193538","0.8171280947598545","0.7377856283476858","0.12479038661094045","0.8346063454759107","0.8235370576725908","0.8081668625146886","0.010035837415234646","0.8627516841514034","0.856163946327303","0.8466675686937046","0.006169949576893076","0.12205872911890459","0.11120916501798468","0.10588324439532548","0.0056401204055290905","0.36445888902035395","0.3343071378837058","0.3211411553161861","0.015427966924484973","1.0491285778227306","0.7969685872395833","0.7179461887904576","0.12679378976763983","0.8668202764976959","0.8318968615851133","0.7953879941434846","0.022726125524122447","0.874671842213562","0.8609484085049406","0.8339856858841548","0.014833174032419488","19","19","19","0.1274166223751749","0.11000004457523185","0.081495142892097","0.015845832436492516","0.47255049908246827","0.35371254588317214","0.2559009886878371","0.06919984655085613","1.2619305363407842","0.858931518635422","0.6299463181268601","0.2194912673533038","0.8029865125240848","0.8518520170296244","19","0.09928247846483607","0.30319072615017695","0.7689096277410333","0.82502408477842","0.8620264419628928","19","0.10097120085263445","0.3088532780745555","0.7685217423872515","0.8277938342967245","0.863010487067787","19","0.10177286016115032","0.3060121790225516","0.7377856283476858","0.8244219653179191","0.8605109620325204","19","0.10340004125287841","0.31026890145944014","0.7449573748039476","0.8102640019738465","0.8478097468170471","19","0.11464450833975236","0.3436220351781853","1.0654661005193538","0.8081668625146886","0.8511418090596816","0.10588324439532548","0.3211411553161861","0.7459597511897011","0.8290246768507638","0.8603431523694887","0.10833837211178639","0.33042322150304126","0.7516285124279204","0.8346063454759107","0.8627516841514034","0.1091029771731039","0.32592242449206965","0.7179461887904576","0.8304935370152762","0.8599155173622366","0.11066250229080303","0.3295899990868779","0.7201799059671069","0.8153938665063138","0.8466675686937046","0.12205872911890459","0.36445888902035395","1.0491285778227306","19","0.6938377486334907","19","0.6699609226650662","19","0.6931635538736979","19","0.6756509145100912","19","0.6377879778544108","0.8368223295759528","0.8594024738701296","19","0.11801738183569373","0.34342583024920126","0.6299463181268601","0.830184966548603","0.8622952414229906","19","0.10559448370262173","0.3550526641919689","0.8927417573474702","0.8668202764976959","0.874671842213562","19","0.11747659207057186","0.34163274720438497","0.7143925258091518","0.8302687411598303","0.8743867991338666","19","0.081495142892097","0.2559009886878371","0.7956464555528429","0.7953879941434846","0.8339856858841548","19","0.1274166223751749","0.47255049908246827","1.2619305363407842",""
"test_multimodal_mae","20","0.005","true","true","decoder","multimodal_rna_dna_bigset_800_mae_29_march","1514","-","0.8316473988439307","0.819472088754637","0.8105107327905255","0.008161330514128727","0.8646175080835965","0.8571733275032811","0.8483507152123091","0.006743802170760827","0.11471475454647992","0.10512543374807455","0.09870119901118173","0.006387580299215788","0.3644786077059713","0.3211199934760117","0.30021543778919985","0.02462981779815101","1.0002377827962239","0.8095744855476148","0.7106643445564039","0.10127899346012338","0.8410693301997649","0.8252450691168043","0.8113983548766157","0.010560075750407051","0.8656156352586826","0.8562926919417497","0.8437273525706399","0.00832346165704754","0.12394364973533575","0.11265968523330487","0.10556081736611718","0.007058123717123325","0.39272805683156964","0.3431854128043791","0.31968933062904714","0.027418394005534003","0.9809463743179564","0.7917361425975014","0.6904654124426464","0.10239716675897807","0.8617511520737328","0.8262827041410719","0.7939238653001464","0.021561180739779653","0.8733032930819811","0.8561338473944724","0.833237772873922","0.015173455693980544","19","19","19","0.13247402930283816","0.11401500935212687","0.08189412104961631","0.017966256995038482","0.4482829111014186","0.36352239434310823","0.2556895418639545","0.062412513010467865","1.236363587556062","0.879926508343409","0.66116456531343","0.20136491553728122","0.8114161849710982","0.8483507152123091","19","0.11471475454647992","0.3644786077059713","0.8185121362859552","0.825626204238921","0.8631766934600822","19","0.09927281731875644","0.300368121263201","0.7602927468039773","0.8316473988439307","0.8646175080835965","19","0.10241238267673752","0.3083508294108047","0.7106643445564039","0.8181599229287091","0.8597293619587637","19","0.09870119901118173","0.30021543778919985","0.7581654172955137","0.8105107327905255","0.8499923588016542","19","0.11052601518721708","0.3321869712108818","1.0002377827962239","0.8113983548766157","0.8437273525706399","0.12394364973533575","0.39272805683156964","0.812581804063585","0.831081081081081","0.862346039587762","0.10638900190555708","0.3211600931038395","0.74034179203094","0.8410693301997649","0.8656156352586826","0.10983805968239971","0.3297927380412717","0.6904654124426464","0.8263807285546416","0.8604099555942621","0.10556081736611718","0.31968933062904714","0.7343453301323785","0.8162958508719182","0.8493644766974018","0.11756689747711459","0.35255684541616744","0.9809463743179564","19","0.6440432866414388","19","0.6682629055447049","19","0.7169808281792535","19","0.6804918183220757","19","0.6476628515455458","0.8239398819108964","0.8457329263040292","19","0.13247402930283816","0.38711827563740914","0.66116456531343","0.8232979142070052","0.8573448637138084","19","0.10860818677938841","0.37058991082764836","0.9475882393973214","0.8617511520737328","0.8710503809986219","19","0.11965039007648907","0.35593133228511065","0.7442789713541667","0.8285007072135785","0.8733032930819811","19","0.08189412104961631","0.2556895418639545","0.8102371780960648","0.7939238653001464","0.833237772873922","19","0.12744831955230246","0.4482829111014186","1.236363587556062",""
"test_multimodal_mae","50","0.0001","false","false","","multimodal_rna_dna_bigset_800_mae_29_march","2336","-","0.8304431599229287","0.8179164723483211","0.7974339995065384","0.011911226028549958","0.8613527665834895","0.8538780736822094","0.8386999110841615","0.008254565462888958","0.1200341773382153","0.11016032498390219","0.09900194795262725","0.007527524826415546","0.361894864806385","0.3329608110048852","0.3018302474525594","0.020723898652841456","0.9337283625747218","0.8592440749659682","0.7869670752323035","0.060392520718618004","0.8346063454759107","0.8231239043168767","0.8021647624774504","0.0122467157134325","0.8608412272667056","0.8525403497567972","0.8376435769000367","0.008188728060880003","0.1268776086773771","0.1180432048032823","0.10616713418574249","0.007704112149531313","0.38182031211660367","0.35507168024292","0.32140335249818713","0.02093959534906424","0.9237961542038691","0.8410455734010727","0.7764198666527158","0.05717840536770327","0.8658986175115208","0.8258142272651015","0.7964860907759883","0.023827023067324336","0.8745797073008259","0.8585036080418211","0.8353774420440543","0.01597811624493346","49","49","49","0.12573120668787963","0.1088070111814591","0.08390553440532626","0.018621947950086065","0.6108523111429978","0.40419010764884666","0.2722553953802734","0.12199332045366983","1.1503288127757885","0.9423177636363519","0.6423144385928199","0.1703658171174803","0.8277938342967245","0.8554258417329008","49","0.11694215083092298","0.34092178262211353","0.79827424251672","0.8304431599229287","0.8613527665834895","49","0.10773762675594976","0.31865236370322203","0.7869670752323035","0.8128612716763006","0.8528877748172525","49","0.10708572204179563","0.3415047964401461","0.9337283625747218","0.8210500963391136","0.8610240741932431","49","0.09900194795262725","0.3018302474525594","0.8568403648607659","0.7974339995065384","0.8386999110841615","49","0.1200341773382153","0.361894864806385","0.9204103296453302","0.8346063454759107","0.8542805722037796","0.12604520106835138","0.3650687656052879","0.7812848166813926","0.8340188014101058","0.8588179117472446","0.11638297791561646","0.34261028464332666","0.7764198666527158","0.8169800235017627","0.8511184606662193","0.11474310216932405","0.3644556863511946","0.9237961542038691","0.8278495887191539","0.8608412272667056","0.10616713418574249","0.32140335249818713","0.8408327254038008","0.8021647624774504","0.8376435769000367","0.1268776086773771","0.38182031211660367","0.882894304063585","49","0.5693704817030165","49","0.5237781206766764","49","0.42295071813795304","49","0.5491054322984483","49","0.5917569266425239","0.833064949006978","0.8745797073008259","49","0.08390553440532626","0.2722553953802734","0.6423144385928199","0.8079496261314443","0.843252685296769","49","0.12144425553790612","0.40528695256069575","1.0505287533714658","0.8658986175115208","0.8706497839543965","49","0.12459904960272773","0.4418423110722865","0.9318819318498884","0.8256718528995757","0.86865842161306","49","0.08835500967345582","0.2907135680879797","0.9365348815917969","0.7964860907759883","0.8353774420440543","49","0.12573120668787963","0.6108523111429978","1.1503288127757885",""
"test_multimodal_mae","20","0.0001","true","true","","multimodal_rna_dna_bigset_800_mae_29_march","1288","-","0.8379094412331407","0.8275317006313742","0.8137182334073526","0.00827516832945223","0.8696296865342553","0.8605797732161795","0.8503398878306032","0.006489503680387524","0.11303845774614622","0.10637215419901525","0.0986500681646301","0.0050788966757883795","0.34206600426084827","0.3228076611342675","0.3008420235076289","0.01514232979938127","0.7836061535459576","0.7178951147830848","0.6815886064009233","0.03467677659157653","0.845475910693302","0.8324103509507049","0.8156945279615153","0.010169653401021165","0.8697810121058468","0.8591335349623543","0.8476286685127945","0.007509603056410427","0.12043719093592616","0.11414328102599618","0.10591388648160836","0.005287424307709862","0.36374540320411225","0.3455991870064166","0.3220545239624754","0.015895621436774927","0.7578688121977306","0.6977302672371032","0.6614134046766493","0.032566742417642465","0.8401697312588402","0.8204996551214803","0.7902635431918009","0.018296322019868107","0.8778358447226549","0.8508211813495079","0.8297600992219907","0.015536848436752656","19","19","19","0.14193859646506807","0.1188572924224645","0.08449804181353048","0.0200812861476827","0.5027594754281375","0.3834316463871449","0.2660283855017694","0.07999888521663003","1.1005235601354528","0.8384165389449508","0.6309036254882813","0.15725875000783326","0.8244219653179191","0.8570647126298186","19","0.11029254005828179","0.3372717861592258","0.7150898557720762","0.8333333333333334","0.863372624217905","19","0.10658808489752354","0.31964542864429313","0.7073029604825106","0.8379094412331407","0.8696296865342553","19","0.0986500681646301","0.3008420235076289","0.6815886064009233","0.8282755298651252","0.8624919548683153","19","0.10329162012849458","0.31421306309934155","0.7018879977139559","0.8137182334073526","0.8503398878306032","19","0.11303845774614622","0.34206600426084827","0.7836061535459576","0.8278495887191539","0.8545326810363492","0.11878422664645545","0.3626047458397645","0.6988156031048487","0.8390129259694477","0.8621592222053369","0.1146944815587738","0.3431990137848311","0.6905704679943266","0.845475910693302","0.8697810121058468","0.10591388648160836","0.3220545239624754","0.6614134046766493","0.8340188014101058","0.8615660909514443","0.11088661950721711","0.33639224824089964","0.6799830482119605","0.8156945279615153","0.8476286685127945","0.12043719093592616","0.36374540320411225","0.7578688121977306","19","0.7058556344774034","19","0.6300521956549751","19","0.7332323922051324","19","0.6906523704528809","19","0.6552757687038846","0.8191089640365002","0.845784500033704","19","0.1275399639690923","0.37486156808616955","0.6309036254882813","0.8142463597009052","0.8523399222920466","19","0.10956651511681205","0.3427037256152302","0.9041852678571428","0.8387096774193549","0.8483855404771434","19","0.14193859646506807","0.43080507730441775","0.7908988589332218","0.8401697312588402","0.8778358447226549","19","0.08449804181353048","0.2660283855017694","0.7655713823106554","0.7902635431918009","0.8297600992219907","19","0.13074334474781954","0.5027594754281375","1.1005235601354528",""
"test_multimodal_mae","20","0.0001","true","true","decoder","multimodal_rna_dna_bigset_800_mae_29_march","2258","-","0.8340558766859345","0.8279358827900263","0.8176659264742167","0.006153228221915034","0.866813066962292","0.860691433056093","0.85209081186711","0.005405119078326736","0.11348430273999671","0.10655301667784083","0.10042974276135058","0.004716941782310409","0.3487713154270706","0.3241706688894638","0.3058956236242652","0.016317847348518735","0.779874917232629","0.7160182259299538","0.6911762699936376","0.03325021989489885","0.8404817861339601","0.8328478116015046","0.8214070956103428","0.007051218046438724","0.8662692097621765","0.8592574986955416","0.8503315133837637","0.005871029718941234","0.12074406884281548","0.11433281421042149","0.10794336660960725","0.004764924295456724","0.37051524671694813","0.34716131248840915","0.32797821477604094","0.01668563963767006","0.7504624866303944","0.6956416659884982","0.6744877043224516","0.029207731934210102","0.8454738330975955","0.8183976461230396","0.791727672035139","0.01771797326768105","0.8806445522680375","0.849770245959516","0.8316038232247223","0.017007316775171262","19","19","19","0.1429159134311255","0.11885715420400737","0.08418472856152051","0.02045099657472036","0.4836945891985525","0.3822610385155188","0.26675050343110357","0.07590068717480462","1.0989543067084417","0.8400661553276908","0.638565426781064","0.15356929840231126","0.8241811175337187","0.8568949996640881","19","0.1103911182055425","0.3374062905235752","0.7177428621234316","0.8326107899807321","0.864343009092791","19","0.10392477179515004","0.3108061196511802","0.6960113409793738","0.8340558766859345","0.866813066962292","19","0.10042974276135058","0.3058956236242652","0.6911762699936376","0.8311657032755299","0.8633152776941828","19","0.10453514788716436","0.31797399522122766","0.6952857393206973","0.8176659264742167","0.85209081186711","19","0.11348430273999671","0.3487713154270706","0.779874917232629","0.8281433607520564","0.8546231924770412","0.11889697579797394","0.36296916316373284","0.7013992430671813","0.8378378378378378","0.8630744199088668","0.11168899802010428","0.3333514156031099","0.6770140632750496","0.8404817861339601","0.8662692097621765","0.10794336660960725","0.32797821477604094","0.6748448326474145","0.8363689776733255","0.8619891579458595","0.11239066178160652","0.34099252218221376","0.6744877043224516","0.8214070956103428","0.8503315133837637","0.12074406884281548","0.37051524671694813","0.7504624866303944","19","0.7008745935228136","19","0.6294520696004232","19","0.7406889597574869","19","0.6910380787319608","19","0.6439898808797201","0.8110574342458401","0.8406615733051639","19","0.12973428763551242","0.38051733600860105","0.638565426781064","0.8170011806375442","0.8540351824156802","19","0.10893081580618395","0.33994720909034465","0.8949014572870164","0.8267281105990784","0.8419060985839764","19","0.1429159134311255","0.4403955548489923","0.8061825706845238","0.8454738330975955","0.8806445522680375","19","0.08418472856152051","0.26675050343110357","0.7617270151774088","0.791727672035139","0.8316038232247223","19","0.12852002558569456","0.4836945891985525","1.0989543067084417",""
"test_multimodal_mae","20","0.0001","true","true","decoder","multimodal_rna_dna_smallset_800_mae_29_march","2319","-","0.8436897880539499","0.8349557667267092","0.8250678509745867","0.007347123075381601","0.8690903815475541","0.8640211281682358","0.856127389242819","0.004757555380908609","0.11281307248894877","0.10691351039023737","0.10480366463353749","0.0029742867857044998","0.3475601361658505","0.32486693615436796","0.3166695266474459","0.011482876880870737","0.7533735795454546","0.7038556532426313","0.6748074040268407","0.026718642532463956","0.8534077555816686","0.8420071042309532","0.831668625146886","0.008986966350526697","0.8699936102194725","0.8636114328644983","0.8562907740177839","0.005307061670746009","0.1202506828724299","0.11478423850195656","0.11297593189481515","0.002744371528651545","0.36978298102985624","0.3481225202221546","0.3406321008663301","0.010942151067166488","0.7238060481964596","0.682447269984654","0.659721919468471","0.022678614115916474","0.8566820276497696","0.8181046555430717","0.7929948839039748","0.021013518644120915","0.8642166838342733","0.8508318344995844","0.8406814362590257","0.01059688483012918","19","19","19","0.12824865998122295","0.11644098654390303","0.09099252223496587","0.014002901268367287","0.47849257692088204","0.37494186958073994","0.2843772969440255","0.06345279874893466","1.0425756242540147","0.8395166399113085","0.6565792992001488","0.12951083409871278","0.8280346820809249","0.8612975992804974","19","0.1054394835199299","0.3200638539819504","0.7024489894057765","0.8436897880539499","0.8690903815475541","19","0.10550902495884168","0.31814181082609255","0.6876187180027817","0.8362235067437379","0.8657099210551003","19","0.10480366463353749","0.3166695266474459","0.6748074040268407","0.8417630057803468","0.8678803497152089","19","0.10600230634992899","0.3218993531505004","0.7010295752323035","0.8250678509745867","0.856127389242819","19","0.11281307248894877","0.3475601361658505","0.7533735795454546","0.831668625146886","0.8590576156863485","0.11355339377418902","0.3444057817135243","0.6873744177439857","0.8534077555816686","0.8699936102194725","0.11342053514272359","0.3413271927160688","0.6660420251271081","0.8410693301997649","0.8640466991524749","0.11297593189481515","0.3406321008663301","0.659721919468471","0.8510575793184488","0.8686684652464118","0.11372064882562519","0.34446454478499355","0.6752919393872457","0.8328322309079976","0.8562907740177839","0.1202506828724299","0.36978298102985624","0.7238060481964596","19","0.6842951774597168","19","0.7016444736056857","19","0.7050663100348579","19","0.7112042109171549","19","0.7097245322333442","0.8099838969404187","0.8420904966956361","19","0.1258029035491466","0.37248184817950897","0.6565792992001488","0.7929948839039748","0.8406814362590257","19","0.1116320113859234","0.34575031212067225","0.9067361740838914","0.8566820276497696","0.8642166838342733","19","0.12824865998122295","0.3936073137386107","0.7754309517996651","0.8175388967468176","0.8632731872559258","19","0.09099252223496587","0.2843772969440255","0.8162611502188223","0.8133235724743777","0.8438973684530607","19","0.12552883556825625","0.47849257692088204","1.0425756242540147",""
"test_multimodal_mae","20","0.0001","true","true","","multimodal_rna_dna_smallset_800_mae_29_march","1155","-","0.838150289017341","0.8293327999383886","0.8176659264742167","0.007395357386441065","0.8665275983170471","0.8611236572533556","0.8532571960038349","0.005068843594927728","0.11115153446654683","0.10708548543167713","0.10290897903212007","0.0030534499231965368","0.3369974180907906","0.32333010633339976","0.31011003286188205","0.011017078759150513","0.7661242051558061","0.7135985056559245","0.6822760032885002","0.029644948289143203","0.8443008225616921","0.8341840062237982","0.8180998196031268","0.009819003411878168","0.865679574607711","0.8596776007936351","0.849822810463395","0.0062398820945887635","0.1184541986763368","0.11482880463652809","0.11048011073751526","0.00308650968364594","0.3590301590888375","0.3461712444585495","0.33238385329423376","0.011272502764691779","0.7376902141268291","0.6911099025181361","0.6609343876914372","0.02764096199135864","0.8529953917050691","0.8155703308528566","0.7882723337268792","0.022033893841963862","0.8681759282968877","0.8494698084420815","0.8362642099150001","0.012380341334993099","19","19","19","0.13336692713148915","0.11663071396869365","0.08790556914879867","0.016516999968792256","0.5027748258236157","0.38418715711835005","0.27561176988884223","0.07393970481950646","1.0666749742296007","0.8480273356765666","0.6621945335751488","0.1371905730448233","0.8241811175337187","0.8571230639133509","19","0.10993498970701679","0.3343051125048061","0.7247495940237334","0.838150289017341","0.8665275983170471","19","0.10509509238324678","0.3121586831067722","0.6956437428792318","0.8326107899807321","0.8648509054743061","19","0.10290897903212007","0.31011003286188205","0.6822760032885002","0.8340558766859345","0.8638595225582397","19","0.1063368315694551","0.32307928510274764","0.6991989829323508","0.8176659264742167","0.8532571960038349","19","0.11115153446654683","0.3369974180907906","0.7661242051558061","0.8278495887191539","0.8548203806641319","0.11820882739089016","0.3590301590888375","0.7064064268081908","0.8443008225616921","0.865679574607711","0.11294167334626996","0.334978820308783","0.6765546647329179","0.8387191539365453","0.864119521599515","0.11048011073751526","0.33238385329423376","0.6609343876914372","0.8419506462984724","0.8639457166334221","0.11405921303162829","0.3458608911905577","0.6739638192313058","0.8180998196031268","0.849822810463395","0.1184541986763368","0.3586024984103358","0.7376902141268291","19","0.7013102637396919","19","0.6632572280036079","19","0.7192277378506131","19","0.7091725667317709","19","0.7063193851047092","0.8099838969404187","0.843728993131444","19","0.12252591067753085","0.36955059268533963","0.6621945335751488","0.7882723337268792","0.8393656785802854","19","0.10954097656630851","0.3614111654644046","0.9239694504510789","0.8529953917050691","0.85981423228679","19","0.13336692713148915","0.4115874317295483","0.7871525355747768","0.8242574257425742","0.8681759282968877","19","0.08790556914879867","0.27561176988884223","0.800145184552228","0.8023426061493412","0.8362642099150001","19","0.12981418631934105","0.5027748258236157","1.0666749742296007",""
"test_multimodal_mae","50","0.0005","false","false","","multimodal_rna_dna_bigset_800_mae_29_march","2345","-","0.8420038535645472","0.825829364960516","0.8140655105973025","0.009296171982294626","0.8665532641528267","0.8605053499130388","0.8485336911628067","0.006196161892516326","0.11699812827168883","0.10481866513443809","0.09570127455894249","0.007397793399482473","0.36641208537722864","0.3170742045966472","0.29348417051090375","0.025837364800806863","0.8314497398607659","0.7660793766830907","0.6887867667458274","0.060644910165656166","0.849294947121034","0.8300317337390203","0.8155111633372503","0.011397308446885477","0.8660161855381798","0.8587634440299317","0.8446727478059107","0.007321601156454276","0.12616566772542884","0.11250484567915686","0.10164606444364636","0.00843692075701628","0.3943073593285186","0.3393030981595954","0.31109557109734953","0.029113262761693282","0.8095597161187066","0.7487350100562686","0.6652326432485429","0.06306942287293489","0.8271604938271605","0.8144577593539909","0.7975841874084919","0.013174413996261588","0.8681818944156815","0.8493378032118436","0.8329302553737117","0.012141678492879426","49","49","49","0.13305631045510577","0.1157821529303035","0.08930806406821269","0.015979586105257106","0.6188943602631755","0.404761549990604","0.285012040603002","0.11419549002861454","1.2298548663104023","0.9151400555000103","0.6236033121744792","0.19819035777786573","0.8253853564547207","0.8621393301651583","49","0.1011066961244039","0.3034500962603845","0.6887867667458274","0.8420038535645472","0.8665532641528267","49","0.10889732525889374","0.3176464166390756","0.6977666797059955","0.8140655105973025","0.8485336911628067","49","0.11699812827168883","0.36641208537722864","0.7948799133300781","0.8273121387283237","0.862961118635031","49","0.10138990145826153","0.30437825419564374","0.8175137837727865","0.8203799654576857","0.8623393454493715","49","0.09570127455894249","0.29348417051090375","0.8314497398607659","0.8301997649823737","0.8608814085438391","0.10843694789469545","0.3237554813191625","0.6652326432485429","0.849294947121034","0.8660161855381798","0.11726257604467426","0.34115441086026327","0.6796939789302765","0.8155111633372503","0.8446727478059107","0.12616566772542884","0.3943073593285186","0.7835569835844494","0.8328437132784959","0.8619153704955783","0.10901297228733935","0.32620266819268334","0.8056317283993676","0.822309079975947","0.8603315077661504","0.10164606444364636","0.31109557109734953","0.8095597161187066","49","0.760878668891059","49","0.6535392867194282","49","0.6418902609083388","49","0.5339506997002496","49","0.6439480781555176","0.8271604938271605","0.8570995121097189","49","0.11296146960772285","0.3410366087669516","0.6236033121744792","0.7992916174734357","0.8437151868070141","49","0.11186124385940754","0.3739499827785166","0.9597375778924851","0.8225806451612904","0.8447621673530923","49","0.13305631045510577","0.4049147575413743","0.8177215576171875","0.8256718528995757","0.8681818944156815","49","0.08930806406821269","0.285012040603002","0.9447829635054977","0.7975841874084919","0.8329302553737117","49","0.13172367666106863","0.6188943602631755","1.2298548663104023",""
"test_multimodal_mae","50","0.001","false","false","","multimodal_rna_dna_bigset_800_mae_29_march","2340","-","0.8374043918085369","0.8300531326969673","0.8147880539499036","0.007873382400627476","0.8661763007066938","0.8625701233448021","0.8587519994409659","0.003067758508340588","0.11403815463189987","0.10491288600736311","0.09728405506797176","0.007255317047165258","0.35043641914401064","0.3168460278117455","0.2951943005658065","0.02413347059346268","0.8519694588401101","0.7629232117623994","0.7081980849757339","0.05455858789611813","0.8448586891160553","0.8364217965776177","0.8216803760282021","0.007927479848290687","0.8671721096716436","0.8620144946267103","0.8576518201123267","0.0035418250744622118","0.12312174167898947","0.11239280732419701","0.10430464539502678","0.00785847342965048","0.37719061251627495","0.33785567211432505","0.31503883926493775","0.026396605836321675","0.8250710623604911","0.7423229035877046","0.6787022181919643","0.0560813658633886","0.8287707997852926","0.8142029508854263","0.7855175127902401","0.015527061689051222","0.8658244726857427","0.8499042706543593","0.8367459445607612","0.010265375517218107","49","49","49","0.13748759730890442","0.11439440957670768","0.08695077174308317","0.016328754403601313","0.5181027154939352","0.3874215340688136","0.27351327861413527","0.08363436910594349","1.1386392381456163","0.8860951725389592","0.6466976347423735","0.15857514670074116","0.8147880539499036","0.8587519994409659","49","0.09728405506797176","0.2951943005658065","0.7443093386563387","0.831888246628131","0.8660287958086985","49","0.09983065501073406","0.2984724657657435","0.7133006471576113","0.8338150289017341","0.8598884371349171","49","0.11403815463189987","0.35043641914401064","0.7968385291822029","0.8323699421965318","0.8661763007066938","49","0.1000173407831441","0.2981920502982522","0.7081980849757339","0.8374043918085369","0.8620050836327355","49","0.11339422454306569","0.34193490328491466","0.8519694588401101","0.8216803760282021","0.8586878653165877","0.10430464539502678","0.31503883926493775","0.7241831582690043","0.836075205640423","0.8644672500946734","0.10714070545107618","0.31931752811158837","0.6943884955512153","0.8384253819036428","0.8576518201123267","0.12312174167898947","0.37719061251627495","0.7892695835658482","0.8410693301997649","0.8671721096716436","0.10672511085647766","0.3157317807693393","0.6787022181919643","0.8448586891160553","0.8620934279383201","0.12067183323941497","0.3619995999094848","0.8250710623604911","49","0.7142669359842936","49","0.6951727867126465","49","0.5994652642144097","49","0.6973999341328939","49","0.7162912156846788","0.8287707997852926","0.857029377215283","49","0.11471204535472636","0.34031335769524557","0.6466976347423735","0.7855175127902401","0.8367459445607612","49","0.11202562366871763","0.36911093762107955","0.9348456246512277","0.8262672811059908","0.8443898418985432","49","0.13748759730890442","0.4360673809196725","0.8683465866815476","0.8185997171145686","0.8658244726857427","49","0.08695077174308317","0.27351327861413527","0.8419467784740307","0.8118594436310396","0.8455317169114664","49","0.12079600980810674","0.5181027154939352","1.1386392381456163",""
"test_multimodal_mae","20","0.005","true","true","decoder","multimodal_rna_dna_smallset_800_mae_29_march","1516","-","0.8355009633911368","0.8267963572262893","0.8205684007707129","0.005807889257522492","0.8666992264759159","0.8551140861137876","0.8381539547032071","0.009380001544814168","0.14474218693269938","0.11656818499871399","0.102102510439305","0.015570012936014302","0.7525941660756719","0.4330686554989568","0.303535276210153","0.1645571288886893","1.4089173981637666","1.0124280871766984","0.7100835857969342","0.25395745750136073","0.8443008225616921","0.8303025763612968","0.8202115158636898","0.007862395813882712","0.8673706655341035","0.8525548164191378","0.8356111261628647","0.010320796347114584","0.15574602029471726","0.1251929435230213","0.10955949149348519","0.01673927341166909","0.8153344775207917","0.46471547076135133","0.32480766476700906","0.17977824566783457","1.363178919232081","0.9870911976647756","0.6871414790077816","0.2404509971075603","0.8456221198156681","0.8035862187404914","0.7675695461200586","0.02531926100557476","0.851544352422833","0.8320348519896512","0.8007311257752278","0.021623732532880014","19","19","19","0.20100688425201357","0.1395165147611893","0.09527939043363011","0.035969207368119135","1.3005323344309137","0.7259885183564869","0.29265640514976715","0.3622903029819817","2.4003728230794272","1.4129266652102193","0.8892516383418331","0.5720258586417276","0.825626204238921","0.8587785406519948","19","0.10806912293493158","0.3609189997863015","0.9352265560265743","0.8210500963391136","0.8381539547032071","19","0.14474218693269938","0.7525941660756719","1.1880112850304805","0.8205684007707129","0.8572282061453673","19","0.10611198847997833","0.3273991678144132","0.8199016108657374","0.8355009633911368","0.8666992264759159","19","0.102102510439305","0.303535276210153","0.7100835857969342","0.8312361213915618","0.8547105025924531","19","0.12181511620665574","0.42089566760824443","1.4089173981637666","0.8299059929494712","0.8569513989243052","0.11600319510086082","0.38650837753354444","0.9233778090704055","0.8269682726204466","0.8356111261628647","0.15574602029471726","0.8153344775207917","1.1444866846478174","0.8202115158636898","0.8528509404562348","0.11450963495122031","0.35264755014712196","0.8172710963657924","0.8443008225616921","0.8673706655341035","0.10955949149348519","0.32480766476700906","0.6871414790077816","0.8301262778111846","0.849989951018181","0.1301463757748228","0.4442792838382894","1.363178919232081","19","0.3932654592725966","19","0.2437470489078098","19","0.49126582675509983","19","0.7154598236083984","19","0.23781413502163357","0.8024691358024691","0.8007311257752278","19","0.20100688425201357","1.3005323344309137","1.151162574404762","0.8091302636757183","0.8479086313675763","19","0.11331300094056547","0.5113830884994184","1.6978367396763392","0.8456221198156681","0.851544352422833","19","0.14253341497000221","0.55097190667365","0.9260095505487351","0.7931400282885431","0.8489303189274565","19","0.09527939043363011","0.29265640514976715","0.8892516383418331","0.7675695461200586","0.8110598314551618","19","0.1454498832097351","0.9743988570286855","2.4003728230794272",""
"test_multimodal_mae","50","0.00001","false","false","","multimodal_rna_dna_bigset_800_mae_29_march","2342","-","0.8220134874759152","0.8135812835421987","0.8075499629903775","0.004703171894008226","0.8549990639800884","0.8498587915296243","0.846789910775396","0.0030134564031882335","0.11976314569390942","0.11386370048295039","0.11168578956171277","0.003038694387833688","0.3636365306644826","0.3451105275023967","0.3388087905035988","0.009528686773900551","0.8086216088497278","0.7710912762266217","0.7523956876812559","0.019720821951666724","0.8284371327849589","0.8229467578378662","0.814792543595911","0.004897823884166967","0.8545785304271494","0.8508950860063275","0.8470730652608548","0.002443780377038118","0.12772248857198648","0.12115658582521116","0.11890565598570338","0.0033369936338537155","0.38473813840963106","0.364288223656807","0.3575539925990658","0.010448353581119034","0.765807863265749","0.732116190592448","0.7146022130572607","0.017895759369037895","0.8152073732718894","0.799127319077652","0.7777777777777778","0.015261603861954054","0.8549278872411935","0.8403103513390129","0.8295564191392768","0.008298009147977754","49","49","49","0.13473660665842296","0.11850661639962627","0.09212442353741505","0.015784997373126615","0.5072741959044859","0.3868807975293696","0.2941282912125741","0.07287709713852758","1.0854389049388744","0.8540623324762577","0.6730220976329985","0.13543774648913778","0.8118978805394991","0.8499112370985507","49","0.11207540634239763","0.3390676230157053","0.7624857353441643","0.8220134874759152","0.8549990639800884","49","0.11201535951573845","0.3392419549196114","0.7604935385964133","0.8133429672447013","0.846789910775396","49","0.11976314569390942","0.3636365306644826","0.7714598106615471","0.8131021194605009","0.8507081649493942","49","0.11168578956171277","0.3388087905035988","0.7523956876812559","0.8075499629903775","0.8468855808446919","49","0.11377880130099366","0.34479773840858524","0.8086216088497278","0.8216803760282021","0.8512260382323489","0.11922829956350427","0.35760203186430384","0.7238577585371714","0.8284371327849589","0.8545785304271494","0.11928007193066027","0.358235807262646","0.7226855565631201","0.8275558166862514","0.8499166640571325","0.12772248857198648","0.38473813840963106","0.7336275615389385","0.8222679200940071","0.8516811320541519","0.11890565598570338","0.3575539925990658","0.7146022130572607","0.814792543595911","0.8470730652608548","0.12064641307420144","0.3633111481483884","0.765807863265749","49","0.8345074653625488","49","0.7928858333163791","49","0.8155965805053711","49","0.8075896898905436","49","0.8109734323289659","0.7777777777777778","0.8295564191392768","49","0.11866493949922428","0.36197693689219695","0.6730220976329985","0.7855175127902401","0.8364433620709409","49","0.11263078864835817","0.34787047865263854","0.8916190737769717","0.8152073732718894","0.8402353833067332","49","0.13473660665842296","0.4231540849849524","0.8019571940104167","0.801980198019802","0.8549278872411935","49","0.09212442353741505","0.2941282912125741","0.8182743920220269","0.8151537335285505","0.8403887049369198","49","0.13437632365471097","0.5072741959044859","1.0854389049388744",""
"test_multimodal_mae","20","0.005","true","true","","multimodal_rna_dna_smallset_800_mae_29_march","1179","-","0.8309248554913294","0.8243448975924492","0.8171724648408586","0.004973076454836279","0.861270714310751","0.8582174912690832","0.8545160107382064","0.0025282530010030248","0.11165680318640044","0.10790991505428305","0.10185907894131746","0.0035196209017204784","0.3575098643714469","0.3322963237911564","0.31699733222374615","0.013776087475343878","1.4839090289491597","0.8896402301210345","0.6956759944106593","0.2984112572090132","0.8351938895417156","0.8305660349360838","0.8235117257967528","0.004829887947062673","0.8603070200972366","0.8577249028143396","0.8529651810512846","0.00257175289422424","0.12015659441916987","0.1151162293074047","0.10569906314639536","0.005097976306543545","0.36937555560521773","0.3528447536621152","0.3407417250498103","0.00985990135944029","1.4380890376984128","0.8640520731608072","0.6811387198311942","0.28815979521303015","0.8373271889400922","0.7963366175658688","0.7571822117276663","0.030528683190891994","0.8599065845601706","0.8347087228397193","0.8009849040845507","0.020787733248376024","19","19","19","0.16486767352928827","0.12691917188643034","0.10020097515122897","0.023487106373050817","0.9275915708141113","0.48463967379296735","0.3174795078909903","0.22607987461226567","2.2805253488046153","1.1465766192239428","0.6448225475492931","0.5818485207029596","0.8246628131021194","0.8568355921807551","19","0.11099162874060935","0.3305665586399549","0.7392679272275983","0.8206888246628131","0.8545160107382064","19","0.11165680318640044","0.33282095082055974","0.747011069095496","0.8309248554913294","0.861270714310751","19","0.10838342686982758","0.31699733222374615","0.6956759944106593","0.8282755298651252","0.8608084461659324","19","0.10665863753326038","0.3235869129000745","0.7823371309222598","0.8171724648408586","0.8576566929497706","19","0.10185907894131746","0.3575098643714469","1.4839090289491597","0.8331374853113983","0.8572598378481984","0.1186178096150014","0.3508427898639009","0.7118707081628224","0.8260869565217391","0.8529651810512846","0.12015659441916987","0.35708104262625556","0.7287894960433717","0.8351938895417156","0.8591861437497994","0.11682160204211689","0.3407417250498103","0.6811387198311942","0.8349001175088132","0.8603070200972366","0.11428607731434005","0.34618265516539126","0.7603724040682354","0.8235117257967528","0.8589063313251788","0.10569906314639536","0.36937555560521773","1.4380890376984128","19","0.7948000695970323","19","0.7564254336886935","19","0.6353427039252387","19","0.6257447666592069","19","0.2225592401292589","0.8003220611916264","0.8430788141438228","19","0.11416443290398068","0.3443424866798929","0.6448225475492931","0.7571822117276663","0.8221701881762025","19","0.1128418353752613","0.3811925562375117","1.0151295253208705","0.8373271889400922","0.8474031232338499","19","0.14252094247239241","0.4525922473423306","0.817179943266369","0.82001414427157","0.8599065845601706","19","0.10020097515122897","0.3174795078909903","0.9752257311785663","0.7668374816983895","0.8009849040845507","19","0.16486767352928827","0.9275915708141113","2.2805253488046153",""
"test_multimodal_mae","20","0.0005","true","true","decoder","multimodal_rna_dna_bigset_800_mae_29_march","2261","-","0.8304431599229287","0.8103538519244291","0.7974339995065384","0.014618089463546","0.8657616240747192","0.8464631787714174","0.8320973224009498","0.01325892647967194","0.13323935470463869","0.1174274943815943","0.09434380387368307","0.01339528059502834","0.5041556557251144","0.4042178912106551","0.28556028376070614","0.07343759877904876","1.4994277954101562","1.142386465361624","0.7259198969060724","0.25915496741188015","0.8401880141010576","0.81414274741682","0.7972972972972973","0.017014067785097637","0.8636380298886943","0.8444070479980693","0.8302428871254216","0.014364013161459495","0.14021016164877337","0.12532865142068136","0.10116107300757034","0.013922052555291801","0.5208380529359854","0.4278952003659273","0.30613293408862924","0.07391923928998986","1.377303713843936","1.0923300001356335","0.709059821234809","0.23240500039388398","0.8414746543778802","0.7904993585865034","0.7415812591508053","0.031997016172199404","0.8464631361111096","0.8250931944886121","0.7981483383546348","0.020567327993372853","19","19","19","0.19270271980872333","0.14031296960927933","0.10156541148838992","0.03181030844967842","0.7961013883102115","0.5932188787750539","0.3355734043263498","0.15888807382182477","2.131085572419343","1.4239209412266969","0.8209554036458333","0.4547210997781905","0.7988921001926782","0.8358692041986544","19","0.12715369179536956","0.44456878672629085","1.2789639559659092","0.8304431599229287","0.8585656000077815","19","0.11331195990736562","0.3706419386999163","1.022404179428563","0.8258670520231214","0.8657616240747192","19","0.09434380387368307","0.28556028376070614","0.7259198969060724","0.7991329479768786","0.8400221431749821","19","0.11908866162691449","0.41616279114124766","1.1852164990974194","0.7974339995065384","0.8320973224009498","19","0.13323935470463869","0.5041556557251144","1.4994277954101562","0.7972972972972973","0.8302428871254216","0.13681152304645403","0.4751123379669214","1.2539751567537822","0.8401880141010576","0.8598932107473556","0.12040159260634654","0.39170420856844296","0.977533189077226","0.8284371327849589","0.8636380298886943","0.10116107300757034","0.30613293408862924","0.709059821234809","0.800822561692127","0.8363818274489323","0.1280589067942625","0.4456884682696577","1.1437781197684151","0.8039687312086591","0.8318792847799428","0.14021016164877337","0.5208380529359854","1.377303713843936","19","0.17645997471279568","19","0.12242499987284343","19","0.5316801600986056","19","0.24279194407992893","19","0.09973248508241442","0.7981749865807837","0.8027361333860301","19","0.19270271980872333","0.7961013883102115","1.11985350109282","0.7823691460055097","0.8344526969267114","19","0.11346375215208683","0.520590760469404","1.6938204810732886","0.8414746543778802","0.8464631361111096","19","0.148548382155661","0.6054580834358978","0.8209554036458333","0.7888967468175389","0.8436656676645744","19","0.10156541148838992","0.3355734043263498","1.3538897479021992","0.7415812591508053","0.7981483383546348","19","0.14528458244153555","0.7083707573334063","2.131085572419343",""
"test_multimodal_mae","20","0.0005","true","true","decoder","multimodal_rna_dna_smallset_800_mae_29_march","1700","-","0.8386319845857418","0.8208490035925718","0.8063163089069825","0.011619679588482434","0.8649835129968433","0.8558950452630179","0.843381916655817","0.007151965530700308","0.11955247559534866","0.10905891306653656","0.1011017525160371","0.005933685242570241","0.44651203738828404","0.3979341179211336","0.37201926918976974","0.02895516176224651","1.2441687150435015","1.1066522656065048","0.9203740322228634","0.10461772360190442","0.8448883666274971","0.8228618236265495","0.8090799759470836","0.012453879692178198","0.8640967413302729","0.8529782049006664","0.8411084723604709","0.007304077414194669","0.12686303122614187","0.11690541382521671","0.1082307463967206","0.00591671414779208","0.46910837054587645","0.42484303182088656","0.39680400466710214","0.027850771953373748","1.1978081597222223","1.0829856388152592","0.8881309751480345","0.10570359507094042","0.843778801843318","0.7903759029084148","0.7507320644216691","0.03095560253179539","0.8439243383026673","0.8232532467742505","0.79899307063906","0.016412730571618125","19","19","19","0.16661041272815835","0.14386940935991388","0.10272159206814382","0.02209503324424744","0.9788806208877815","0.6751756311359332","0.4267943590851952","0.17824062641828659","2.0199719181767217","1.6308601217925862","1.11443604968843","0.3140541933635253","0.8217726396917149","0.8567503469736915","19","0.10827194574433209","0.37758983407690033","1.137527812610973","0.8386319845857418","0.8649835129968433","19","0.10866495859205541","0.4160624802728044","0.9203740322228634","0.8270712909441233","0.8596839290296069","19","0.10770343288490954","0.3774869686779095","1.116198799826882","0.8104527938342967","0.8546755206591298","19","0.1011017525160371","0.37201926918976974","1.1149919683283025","0.8063163089069825","0.843381916655817","19","0.11955247559534866","0.44651203738828404","1.2441687150435015","0.8219741480611046","0.8528445538576894","0.11628504034572569","0.40444273231694516","1.1307501414465526","0.8448883666274971","0.8640967413302729","0.11669488396695141","0.44574274659451113","0.8881309751480345","0.8252056404230317","0.8543761366162439","0.11645336719054396","0.4081173049799978","1.130035884796627","0.8131609870740305","0.852465120338655","0.1082307463967206","0.39680400466710214","1.0682030329628596","0.8090799759470836","0.8411084723604709","0.12686303122614187","0.46910837054587645","1.1978081597222223","19","0.2297283543480767","19","0.22967460420396593","19","0.13892828093634713","19","0.19234169854058158","19","0.18038152323828804","0.7997852925389157","0.8165874399053787","19","0.16661041272815835","0.6097909141153159","1.11443604968843","0.7764659582841401","0.8175634823312026","19","0.1413389936217351","0.6629890702062123","1.7671402704148065","0.843778801843318","0.8439243383026673","19","0.1559301252379832","0.6974231913851611","1.4583942231677827","0.7811173974540311","0.8391979026929437","19","0.10272159206814382","0.4267943590851952","1.794358147515191","0.7507320644216691","0.79899307063906","19","0.15274592314354898","0.9788806208877815","2.0199719181767217",""
"test_multimodal_mae","20","0.0005","true","true","","multimodal_rna_dna_bigset_800_mae_29_march","1474","-","0.8316473988439307","0.8097417669634567","0.7745664739884393","0.02062574000820912","0.8696109800445089","0.8481884185082178","0.8306404176834308","0.014456943352568254","0.13140864146147846","0.11336492994702119","0.09242543875491296","0.01258517636147724","0.4661535166303963","0.38555461178730577","0.2867000800522788","0.057822175689627636","1.396991036155007","1.132810523293235","0.8116633675315164","0.21109020498521744","0.8372502937720329","0.8117898153846805","0.7705640423031728","0.023880776103835776","0.8692312318584048","0.8454650251396971","0.8245432072516534","0.01606107639915884","0.13808174474027263","0.12085976510528622","0.09878783005522336","0.012811715739860037","0.48776980388357977","0.40958616382466956","0.30623744285741317","0.0589791325664042","1.3823456537155878","1.1026696341378348","0.78910888187469","0.20918494160033343","0.8373271889400922","0.7897114713011069","0.7478038067349927","0.03137443985942803","0.8333104210234615","0.8215936002936113","0.8010254554340406","0.012348656738069575","19","19","19","0.18427679598088265","0.14652427071388444","0.10919245356835276","0.029324152019565796","0.7450752630950604","0.5988460914607427","0.4128939620106327","0.11481326593648306","1.9306584110966436","1.4858236799290574","1.029229445684524","0.3800448605649343","0.8152697495183044","0.8484960528840837","19","0.11827764375013711","0.391829803183019","1.0494881832238399","0.8268304431599229","0.8577015780064616","19","0.11142728714699955","0.3785549362225106","1.074336543227687","0.8316473988439307","0.8696109800445089","19","0.09242543875491296","0.2867000800522788","0.8116633675315164","0.7745664739884393","0.8306404176834308","19","0.11328563862157784","0.4045347228483242","1.396991036155007","0.8003947693066864","0.834493063922604","19","0.13140864146147846","0.4661535166303963","1.331573486328125","0.8155111633372503","0.8444103814355828","0.1266904004660846","0.4180114027243117","1.01296875968812","0.832256169212691","0.8564974733738531","0.11926122246498479","0.4040285063021544","1.0492024497380332","0.8372502937720329","0.8692312318584048","0.09878783005522336","0.30623744285741317","0.78910888187469","0.7705640423031728","0.8245432072516534","0.12147762779986578","0.4318836633558892","1.3823456537155878","0.8033674082982561","0.8326428317789918","0.13808174474027263","0.48776980388357977","1.279722425672743","19","0.20510943730672201","19","0.09238752391603258","19","0.40376877784729004","19","0.1991245216793484","19","0.1910990211698744","0.8121309715512615","0.8139270877851894","19","0.18427679598088265","0.6640162464399878","1.029229445684524","0.7754820936639119","0.8279925095334487","19","0.11949707459701438","0.5342653040361854","1.7733766101655506","0.8373271889400922","0.8317125276919157","19","0.17390213355626086","0.6379796817218472","1.0355997721354167","0.7758132956152758","0.8333104210234615","19","0.10919245356835276","0.4128939620106327","1.6602541605631511","0.7478038067349927","0.8010254554340406","19","0.1457528958669115","0.7450752630950604","1.9306584110966436",""
"test_multimodal_mae","20","0.001","true","true","decoder","multimodal_rna_dna_bigset_800_mae_29_march","1689","-","0.8439306358381503","0.8088929166862767","0.7932321772639692","0.019046945069536844","0.8631519234064273","0.84078767585764","0.8261329363390725","0.014522657872909817","0.1418092718305256","0.12731756497099705","0.10890108444104159","0.013026035820621435","0.6837506475590379","0.5199160301018673","0.3361115947343038","0.11745827276770636","2.061808730616714","1.5327359401818477","0.8717199961344401","0.39552157356989326","0.8501762632197415","0.8117195962727873","0.7930376028202115","0.020751696040013697","0.8622347194025357","0.8379499944992623","0.8213860419043473","0.015051165675668101","0.151587493159578","0.13581960727426257","0.11725147008355936","0.013149724028154241","0.7050843404075755","0.5493516987862443","0.3616004280964435","0.11760670927600211","1.8476861620706224","1.449386184934586","0.8655093965076265","0.3370600926397139","0.8497695852534562","0.7876580192013715","0.74798682284041","0.03498984627150717","0.8470360067353965","0.8169007905221843","0.7901950917514076","0.022254366647409835","19","19","19","0.2161744971198364","0.15385643815700292","0.1124418464646386","0.03631208280673896","1.2074820193967695","0.7892570006287597","0.457588589998443","0.2623096967328465","2.8611817536530673","2.011090835490555","0.9018299647739956","0.7060838312367838","0.7940751445086706","0.8261329363390725","19","0.1418092718305256","0.5981019419701641","1.7360991275671758","0.8439306358381503","0.8631519234064273","19","0.11762678902529551","0.5073727538307067","1.3935380415482954","0.8140655105973025","0.8525822130781304","19","0.10890108444104159","0.3361115947343038","0.8717199961344401","0.7932321772639692","0.8333052347874416","19","0.12662170768908612","0.4742432124151234","1.6005138050426135","0.7991611152232914","0.8287660716771275","19","0.14162897186903653","0.6837506475590379","2.061808730616714","0.7943595769682726","0.8213860419043473","0.151587493159578","0.6360844057502758","1.6748899429563493","0.8501762632197415","0.8622347194025357","0.12570682441467018","0.5398008020984847","1.3376525394500247","0.8137485311398355","0.848248530528138","0.11725147008355936","0.3616004280964435","0.8655093965076265","0.7930376028202115","0.8286505378344675","0.13573652715127654","0.5041885175784424","1.521192883688306","0.8072760072158749","0.8292301428268231","0.14881572156222875","0.7050843404075755","1.8476861620706224","19","0.04946813318464491","19","0.02386463185151418","19","0.3942254384358724","19","0.0978598263528612","19","0.02234389219019148","0.7965646806226516","0.7901950917514076","19","0.2161744971198364","1.2074820193967695","1.6694500151134672","0.7642660369933097","0.8204570336299473","19","0.12335196973341524","0.8109211770588975","2.6596717471168154","0.8497695852534562","0.8470360067353965","19","0.15569757178266333","0.572680337352659","0.9018299647739956","0.7797029702970297","0.8336305619161956","19","0.1124418464646386","0.457588589998443","1.9633206967954282","0.74798682284041","0.7931852585779745","19","0.16161630568446098","0.8976128793370299","2.8611817536530673",""
"test_multimodal_mae","20","0.001","true","true","decoder","multimodal_rna_dna_smallset_800_mae_29_march","2317","-","0.8294797687861272","0.8178437366740401","0.8075626204238922","0.007712881751399235","0.8522456694530877","0.8490285375219331","0.8424813320112813","0.0035440452944910496","0.127521915301395","0.11978666163017385","0.11038775966996733","0.006169869932337212","0.6483029846115577","0.5267140586220923","0.44353626489385756","0.06989545899733651","1.8198607473662405","1.4870073260683","1.247906424782493","0.19385792095318144","0.8343125734430082","0.8200214384689796","0.809048178613396","0.009027164957749566","0.8496770328372927","0.845893502981189","0.8416858805765415","0.003143993597286212","0.13495850776842297","0.12823443250660158","0.11819377496663051","0.006071978417038223","0.6873903314271834","0.5631612554492266","0.47922500287195896","0.071634153008119","1.7703628540039062","1.4625520978655135","1.2214402698335194","0.1801039782851845","0.8460829493087557","0.782839235097535","0.7359077598828697","0.03911822564601737","0.8297508841879777","0.8095139818367745","0.7749212362481142","0.01868922078146814","19","19","19","0.1865811809328003","0.16381127142398616","0.12577165063814263","0.024740728036517005","1.2653783482507448","0.9975214447690138","0.5371568484595105","0.29767503776048515","2.779683996129919","2.1517773122636097","1.387752423967634","0.4738404517651775","0.8229768786127167","0.8522456694530877","19","0.11848553970654145","0.49844063625454565","1.4938193812514797","0.8294797687861272","0.8519818286484764","19","0.12551611148917427","0.49103727450521845","1.247906424782493","0.8167148362235067","0.8498464271198578","19","0.11702198198379113","0.44353626489385756","1.3505832787716028","0.8075626204238922","0.8485874303769624","19","0.11038775966996733","0.5522531328452819","1.522866798169685","0.8124845793239576","0.8424813320112813","19","0.127521915301395","0.6483029846115577","1.8198607473662405","0.8257931844888367","0.849236151903065","0.12732088068270658","0.5363853229962969","1.4907910785977803","0.8343125734430082","0.8496770328372927","0.13495850776842297","0.5219731872520978","1.2214402698335194","0.813454759106933","0.8434412477656632","0.12657226357560666","0.47922500287195896","1.3703573317754836","0.809048178613396","0.8454272018233827","0.11819377496663051","0.5908324326985958","1.4598089551168776","0.817498496692724","0.8416858805765415","0.13412673553964113","0.6873903314271834","1.7703628540039062","19","0.07605078485276964","19","0.07086325354046291","19","0.04197807444466485","19","0.04821127321985033","19","0.06829126675923665","0.8073000536768653","0.8150095688498838","19","0.17728091597709758","1.2225169065288606","1.387752423967634","0.7593467138921685","0.8079946958534598","19","0.14335732218524871","0.7486635314129724","2.470281982421875","0.8460829493087557","0.8297508841879777","19","0.1865811809328003","1.2653783482507448","1.9453768775576636","0.7655586987270155","0.8198935240444365","19","0.12577165063814263","0.5371568484595105","2.175791281240958","0.7359077598828697","0.7749212362481142","19","0.18606528738664146","1.2138915891929807","2.779683996129919",""
"test_multimodal_mae","20","0.001","true","true","","multimodal_rna_dna_smallset_800_mae_29_march","1178","-","0.8475433526011561","0.8183454702076105","0.803709055876686","0.016081207703129232","0.8746322102913615","0.8503642284049144","0.8389906639807565","0.013138424549629315","0.13736074299198864","0.11761701339778163","0.09827893201843294","0.013809511402834497","0.7498656403410475","0.5390539344161329","0.3687395531699311","0.13611225599176377","1.8937574444395122","1.556596906257398","1.0763444611520478","0.32677356619842757","0.8525264394829613","0.8207350059672995","0.8037602820211516","0.01783353702434535","0.8734248437003032","0.8476745014252133","0.8346245638280874","0.013921716869473983","0.14395104811318","0.12538600311687292","0.10567675208235494","0.013593086319375244","0.7940245986683319","0.5764385071445532","0.39615047502269723","0.14205289653923164","1.8727981325179812","1.5361408536396328","1.0724385579427083","0.3088125459778798","0.8368663594470046","0.7819788495863883","0.7353587115666179","0.040859213307733296","0.8325301983623534","0.8108428867241727","0.7757980003102918","0.02013119439668065","19","19","19","0.20372603466197756","0.160293076138043","0.10014469521305844","0.0377337180914649","1.2263115828914781","0.8505366281003297","0.5397314629882607","0.22160883047399285","2.79210775869864","2.331038130502852","1.2801888602120535","0.5467796646299449","0.8145472061657033","0.8537851308362825","19","0.10697694449313835","0.4144394088432191","1.2885857784386836","0.8475433526011561","0.8746322102913615","19","0.09827893201843294","0.3687395531699311","1.0763444611520478","0.8041907514450867","0.8389906639807565","19","0.12620942348357359","0.5887785512566368","1.6332058762059067","0.803709055876686","0.8422250159374557","19","0.11925902400177463","0.57344651846983","1.8910909710508403","0.8217369849494202","0.8421881209787158","19","0.13736074299198864","0.7498656403410475","1.8937574444395122","0.8166862514688602","0.8507200226113473","0.11524620624616565","0.4473074238763557","1.2939558483305431","0.8525264394829613","0.8734248437003032","0.10567675208235494","0.39615047502269723","1.0724385579427083","0.8037602820211516","0.8346245638280874","0.1345111543649768","0.6311912095105809","1.6167149619450645","0.8049353701527615","0.838695257687537","0.12754485477768734","0.6135188286448009","1.8727981325179812","0.8257666867107637","0.8409078192987918","0.14395104811318","0.7940245986683319","1.8247967674618675","19","0.08723933829201592","19","0.06010693311691284","19","0.03427955839369032","19","0.0335165626472897","19","0.07269506322013007","0.8239398819108964","0.8101069236244594","19","0.20372603466197756","0.8036897287598113","1.2801888602120535","0.7485242030696576","0.8072129089025816","19","0.1340983852644945","0.7895769659255875","2.6550104050409224","0.8368663594470046","0.8285664024211772","19","0.1797335546046502","0.8933733999365113","2.32667236328125","0.7652050919377652","0.8325301983623534","19","0.10014469521305844","0.5397314629882607","2.601211265281395","0.7353587115666179","0.7757980003102918","19","0.18376271094603427","1.2263115828914781","2.79210775869864",""
"test_multimodal_mae","20","0.001","true","true","","multimodal_rna_dna_bigset_800_mae_29_march","1246","-","0.8303227360308285","0.8040724668375242","0.7697495183044316","0.020100556255405723","0.8619053134873416","0.8413807428827769","0.8195529858824031","0.016110273549890322","0.1431450207154663","0.1213109810719705","0.10091943789297417","0.01558739721129159","0.5651008321631659","0.4912533288025992","0.3681907797975773","0.07257970424655824","1.9908481944691052","1.608093955300071","1.2007124929717092","0.308695913585267","0.8350470035252644","0.8054220990055914","0.7641010575793185","0.023744731408329264","0.8606906003546204","0.8380988423700625","0.8117025302983804","0.01775197326081062","0.14972408052103392","0.12922441426546616","0.1080386533597529","0.01590926201203594","0.6060022328354618","0.5200363986657803","0.393750191099645","0.0736911749488314","1.9895830911303323","1.5597180805509052","1.1849044315398685","0.2907910022547469","0.8179723502304147","0.7800660459246446","0.7445190947666195","0.028615456531862357","0.824739591820218","0.8108702975871311","0.7957943075052725","0.009580922007053289","19","19","19","0.1932285257381388","0.15832545075038212","0.11446769961593693","0.03212406922512265","1.0153063445960016","0.7973065665001201","0.5043321075115702","0.17639096184941724","2.7520370483398438","2.1775889450153976","1.3195620582217262","0.5405931663192479","0.8008188824662813","0.8377420456553201","19","0.1253347911556412","0.4785313700853616","1.461129853219697","0.8303227360308285","0.8619053134873416","19","0.10651210905614539","0.4794358628739492","1.4412187518495503","0.8159922928709056","0.8575364274889656","19","0.10091943789297417","0.3681907797975773","1.2007124929717092","0.7697495183044316","0.8195529858824031","19","0.13064354653962537","0.5651008321631659","1.9908481944691052","0.8034789045151739","0.8301669418998538","19","0.1431450207154663","0.5650077990929423","1.9465604839902935","0.7987661574618097","0.8323843099069235","0.1339975376479627","0.5081372421462557","1.4076816619388641","0.8350470035252644","0.8606906003546204","0.11366580281602351","0.5121712767029039","1.4215160551525297","0.81786133960047","0.8549113431203585","0.1080386533597529","0.393750191099645","1.1849044315398685","0.7641010575793185","0.8117025302983804","0.14069599698255775","0.6060022328354618","1.9895830911303323","0.8113349368610944","0.8308054281700302","0.14972408052103392","0.5801210505446347","1.7949051629929316","19","0.06638621621661717","19","0.025697410106658936","19","0.1825885640250312","19","0.1002631319893731","19","0.03561437129974365","0.8056897477187333","0.8064199787886864","19","0.19284979014136033","0.8018246924280995","1.3195620582217262","0.7792207792207793","0.824739591820218","19","0.12974159558034318","0.7332664106547481","2.6558704194568454","0.8179723502304147","0.8123719122461379","19","0.1932285257381388","0.931803277310181","1.8088556198846726","0.7445190947666195","0.8150256975753413","19","0.11446769961593693","0.5043321075115702","2.3516195791739003","0.7529282576866764","0.7957943075052725","19","0.16133964267613135","1.0153063445960016","2.7520370483398438",""
"test_multimodal_mae","20","0.0005","true","true","","multimodal_rna_dna_smallset_800_mae_29_march","1212","-","0.838150289017341","0.8149078182292714","0.7945568400770713","0.01507563574976717","0.866749661344353","0.852358477215746","0.8395486609605519","0.008780564674560115","0.11775902716500232","0.11019086379777954","0.10465096632863494","0.005337144595348322","0.4638341456842467","0.40173086928429474","0.3602261761792719","0.03649657838346163","1.3718206232244319","1.2282114202325993","1.0046917308460583","0.1318038217323364","0.8407755581668626","0.8170282141274848","0.7923031727379554","0.01726201935901438","0.8637787487864137","0.8496046653082712","0.8341198449838152","0.00972957574222247","0.12406348277032489","0.11781888351094252","0.11321806059403512","0.004642151775025245","0.4836547731428008","0.4293922201839438","0.3893236014314126","0.03381260343750943","1.3742307632688493","1.2119518461681547","1.007616194467696","0.11978557617634003","0.8129032258064516","0.7752023159203472","0.7236456808199122","0.030040539169561856","0.8364905037955073","0.8159621241812562","0.7820911983373455","0.020042267332993444","19","19","19","0.17822641058667996","0.1432780675578345","0.09116326397899979","0.030684630922698086","1.0465525020089423","0.7280107828139784","0.41579824552144656","0.24391923139163763","2.4469242802372686","1.9056540441765357","1.1580184936523437","0.43203993880541336","0.8041907514450867","0.8489221280080166","19","0.10634649542905333","0.3747014232884614","1.1871341358531604","0.838150289017341","0.866749661344353","19","0.10465096632863494","0.3602261761792719","1.0046917308460583","0.8145472061657033","0.853904447127732","19","0.10673831191023957","0.3921151718697234","1.228413437352036","0.7945568400770713","0.8395486609605519","19","0.1154595181559675","0.4177774293997702","1.3718206232244319","0.8230940044411547","0.8526674886380762","19","0.11775902716500232","0.4638341456842467","1.3489971738873106","0.8064042303172738","0.8460865885405819","0.11423105323611002","0.40252919979115276","1.1858014303540427","0.8407755581668626","0.8637787487864137","0.11321806059403512","0.3893236014314126","1.007616194467696","0.8146298472385429","0.8499450261792527","0.11473979488003762","0.422223668136814","1.2280906798347595","0.7923031727379554","0.8341198449838152","0.12406348277032489","0.449229858417539","1.3742307632688493","0.8310282621767889","0.8540931180512921","0.12284202607420494","0.4836547731428008","1.2640201629154266","19","0.2010808785756429","19","0.16143528620402017","19","0.11715222729576959","19","0.12728546725379097","19","0.16568794515397814","0.7874396135265701","0.8046066014699451","19","0.17822641058667996","0.6526053132820793","1.1580184936523437","0.7878787878787878","0.8300233518902218","19","0.1278320840983443","0.5498687555837225","1.775508045014881","0.8129032258064516","0.8265989654132622","19","0.15970529497992733","0.9752290976737013","2.136368669782366","0.7641442715700142","0.8364905037955073","19","0.09116326397899979","0.41579824552144656","2.011450732195819","0.7236456808199122","0.7820911983373455","19","0.1594632841452213","1.0465525020089423","2.4469242802372686",""
"test_multimodal_mae","20","0.00001","true","true","","multimodal_rna_dna_bigset_800_mae_29_march","1450","-","0.8188824662813102","0.7660472011740393","0.6683526011560693","0.05667657443042523","0.8262198267608678","0.7929890176346168","0.7407427469182533","0.031073108903350685","0.18686710731956266","0.1800691659048056","0.16644281275957448","0.007680682055670926","0.7111000346376155","0.6415586431905463","0.5839461620989411","0.040857057493711844","1.098947814016631","1.054127178770123","0.9980687228116122","0.0377591156533694","0.822855464159812","0.7584196513175049","0.6392479435957696","0.06921755045513586","0.8216671954379584","0.7821401522931282","0.7189456446980202","0.037481473857358505","0.20135665419972928","0.19413934673124844","0.1795210732838953","0.008125828419718498","0.7660954073536335","0.6911028510216488","0.6288175793728434","0.044042794139578005","1.074872577001178","1.030680968269469","0.9742848835294209","0.037258161588384915","0.8110574342458401","0.7674335632090231","0.6672811059907834","0.051084332017441614","0.8167681688531558","0.7970108987951662","0.7442782785916413","0.02688240677843627","19","19","19","0.202723770533308","0.17341176561869068","0.15611342691557056","0.01698445482562067","0.6551725703062037","0.5896271165455115","0.506964564613454","0.05986741734695236","1.3741525720666956","1.1088266790480843","0.8717461722237724","0.15962370334622475","0.8152697495183044","0.8191302859259944","19","0.1770091776663156","0.6316187897210959","1.0233399362275095","0.8188824662813102","0.8262198267608678","19","0.16644281275957448","0.5839461620989411","0.9980687228116122","0.6683526011560693","0.7407427469182533","19","0.18686710731956266","0.6472914386083054","1.083695613976681","0.7384393063583815","0.777489269282249","19","0.1834607677938833","0.6338367908867738","1.0665838068181819","0.7892918825561313","0.8013629592857197","19","0.18656596398469197","0.7111000346376155","1.098947814016631","0.8193301997649823","0.8139806912362426","0.19136881729249697","0.6821493103010668","1.001901596311539","0.822855464159812","0.8216671954379584","0.1795210732838953","0.6288175793728434","0.9742848835294209","0.6392479435957696","0.7189456446980202","0.20135665419972928","0.696584267572046","1.0595199342757937","0.7247356051703878","0.7635423782090536","0.1976508487522806","0.6818676905086541","1.0428258502294148","0.7859290438965725","0.7925648518843662","0.20079934012784","0.7660954073536335","1.074872577001178","19","1.1285763846503363","19","1.024046368069119","19","1.135566817389594","19","1.1114590962727864","19","1.1002202563815646","0.8110574342458401","0.804166831856266","19","0.202723770533308","0.6371148043579162","0.8717461722237724","0.786698150334514","0.8152923617094716","19","0.15611342691557056","0.5293033268064908","1.0964979625883557","0.6672811059907834","0.7442782785916413","19","0.17872454880750094","0.6195803166434931","1.084822009858631","0.791018387553041","0.8167681688531558","19","0.1574820498467293","0.506964564613454","1.1169146785029658","0.781112737920937","0.8045488529652962","19","0.17201503199034454","0.6551725703062037","1.3741525720666956",""
"test_multimodal_mae","20","0.00001","true","true","decoder","multimodal_rna_dna_bigset_800_mae_29_march","1533","-","0.8174373795761078","0.7630207553385845","0.6536608863198459","0.05928811531436226","0.8251556638747015","0.7904652638000431","0.7329022073739944","0.032528002663278335","0.19107264863179638","0.1820902277384982","0.1671260518267048","0.009337597393140445","0.7542040184903764","0.6613427744080709","0.5736314764995623","0.060281677218378515","1.1220700813062263","1.0653170961322207","0.9767993580211293","0.05323263226925508","0.8190364277320799","0.7537206766755251","0.6216216216216216","0.0717262629144588","0.8198293762157851","0.7795141441986172","0.7108967217749613","0.038621831589950674","0.20460592055184879","0.19469238827829077","0.17937767530050977","0.009538433674698959","0.8099579116186615","0.7081718631996207","0.6149434037860011","0.06499755924816152","1.0902523464626737","1.0343668983096168","0.9471505785745288","0.05167775723967091","0.8143564356435643","0.7642671138164702","0.6188940092165899","0.07347204536203243","0.8265299699233148","0.7953801345535475","0.7202917543960331","0.03911729395333135","19","19","19","0.1977574047715202","0.1735068447093751","0.15467297808053201","0.014959492126236429","0.6840228725036758","0.5932786298798637","0.517728146208849","0.05956465244966137","1.3874521608705874","1.1136403086828808","0.8721391950334821","0.16521702485242395","0.8039499036608864","0.8143772168870965","19","0.17519546988669335","0.6337964718533841","1.0328899730335583","0.8174373795761078","0.8251556638747015","19","0.1671260518267048","0.5736314764995623","0.9767993580211293","0.6536608863198459","0.7329022073739944","19","0.18785647157185711","0.6520065493445745","1.0969346942323628","0.7490366088631984","0.7799180560438795","19","0.1892004967754394","0.6930753558524569","1.0978913740678267","0.7910189982728842","0.7999731748205439","19","0.19107264863179638","0.7542040184903764","1.1220700813062263","0.8052291421856639","0.8086603249791794","0.18790849222730516","0.6800937046530777","1.0057918609134735","0.8190364277320799","0.8198293762157851","0.17937767530050977","0.6149434037860011","0.9471505785745288","0.6216216216216216","0.7108967217749613","0.19982817807169886","0.694559525751853","1.0618508959573412","0.7364864864864865","0.7673724056231976","0.2017416752400914","0.7413047701885102","1.066788809640067","0.7862297053517739","0.7908118923999625","0.20460592055184879","0.8099579116186615","1.0902523464626737","19","1.1099280251397028","19","1.02215756310357","19","1.1334721247355144","19","1.1399737464057074","19","1.1082675721910265","0.7987117552334944","0.800477175230987","19","0.1977574047715202","0.6055862137887404","0.8721391950334821","0.8071625344352618","0.8262447781773649","19","0.15467297808053201","0.517728146208849","1.0811423892066592","0.6188940092165899","0.7202917543960331","19","0.1783105004245237","0.619948914670271","1.0810882568359375","0.8143564356435643","0.8265299699233148","19","0.16129649579693478","0.5391070022277823","1.1463795414677374","0.7822108345534406","0.8033569950400379","19","0.17549684447336497","0.6840228725036758","1.3874521608705874",""
"test_multimodal_mae","20","0.00001","true","true","","multimodal_rna_dna_smallset_800_mae_29_march","1165","-","0.7577071290944123","0.7286600662607732","0.7083333333333334","0.016978264939873387","0.7865690964324878","0.7712581412355788","0.7581921702623308","0.010118839253232459","0.20061541274452177","0.18614378378961557","0.18118222519243987","0.007347232181197687","0.7696043093666955","0.6650778192024835","0.6157154626276956","0.05590635485218619","1.1889881943211411","1.0930460380785394","1.0544960715553977","0.04970983958166093","0.7485311398354877","0.7125358868241035","0.6883078730904818","0.020955964499515","0.7744247874791776","0.7557423174726438","0.7403833305597467","0.012155995965375727","0.21616659203745192","0.20105125187881598","0.1955393229920873","0.007708270691934959","0.8306589961147532","0.7182249598170627","0.6645300293077464","0.06048015333684717","1.166614714122954","1.0708825005425346","1.0317644391741072","0.0497066383590238","0.7903111739745403","0.7425079016205058","0.723963133640553","0.02514299397795272","0.8191092048240192","0.7817309739789617","0.7663321317001826","0.01903231300942227","19","19","19","0.2129073952147719","0.17904595366258208","0.15209276432650193","0.019763426728415166","0.6992526384312094","0.6088505123991546","0.48187594662463645","0.0752310209946206","1.4451836480034723","1.1413606270280465","0.9102565220424107","0.17709004068537676","0.7577071290944123","0.7865690964324878","19","0.18456893622943657","0.6686414824449142","1.068377176920573","0.7083333333333334","0.762591244596406","19","0.1831508441405213","0.6519619424439759","1.0928148211854878","0.7348265895953757","0.7768221822014679","19","0.18118222519243987","0.6157154626276956","1.0605539264100972","0.7254335260115607","0.7721160126852012","19","0.1812015006411583","0.6194658991291367","1.0544960715553977","0.7169997532691833","0.7581921702623308","19","0.20061541274452177","0.7696043093666955","1.1889881943211411","0.7485311398354877","0.7744247874791776","0.19968156487713246","0.7234817940843713","1.0468938918340773","0.6883078730904818","0.7451323087451331","0.19804325560021566","0.7047919053469714","1.0711709885370164","0.7200352526439483","0.7621048643783779","0.19582552388719257","0.6645300293077464","1.0379684690445188","0.7088719153936546","0.7566662962007836","0.1955393229920873","0.667662074231471","1.0317644391741072","0.6969332531569453","0.7403833305597467","0.21616659203745192","0.8306589961147532","1.166614714122954","19","1.1805826822916667","19","1.1235584682888455","19","1.1063816282484267","19","1.0896617041693792","19","1.1815564897325304","0.7455716586151369","0.7663321317001826","19","0.2129073952147719","0.6690656240931682","0.9102565220424107","0.7264856355765447","0.7772276340243527","19","0.17203036752783923","0.604032754433776","1.1915382748558407","0.723963133640553","0.7743897316039461","19","0.1751836704326608","0.5900255984129826","1.0573590959821428","0.7903111739745403","0.8191092048240192","19","0.15209276432650193","0.48187594662463645","1.1024655942563657","0.726207906295754","0.7715961677423089","19","0.1830155708111364","0.6992526384312094","1.4451836480034723",""
"test_multimodal_mae","20","0.00001","true","true","decoder","multimodal_rna_dna_smallset_800_mae_29_march","1725","-","0.7444605009633911","0.704721044427235","0.6507707129094412","0.03175825676048476","0.7791777440094998","0.7562629309718976","0.7299387522162368","0.015717746529837137","0.20660698250139128","0.1921951824834401","0.18610501294439144","0.0074208589945263335","0.879101603040329","0.7106144441298804","0.6540880779388054","0.08540300089009635","1.235208800344756","1.1207987929835463","1.0822096159963897","0.058194653119666366","0.7388366627497063","0.693127253636025","0.6316098707403055","0.03620378339634451","0.7701645504665328","0.7441716587517246","0.7141824843838878","0.01786243393304876","0.221047115936727","0.20478393613257567","0.19824404861819322","0.008398364928834187","0.9453386626880277","0.7597019356964031","0.6949006387718105","0.09423324696134928","1.2063621642097595","1.0871964469788566","1.043743194095672","0.060763040793899235","0.7754596888260255","0.7043368005124098","0.6502304147465438","0.04594669666563171","0.8093039842853113","0.76091483455803","0.7284282260015551","0.02932806987302672","19","19","19","0.2157146698433738","0.18250713139634997","0.156851720255403","0.019941100083462816","0.7939461225398875","0.6372405465236217","0.5046996207650125","0.09752446459822016","1.5235356931333188","1.1675562815186837","0.9261729649135044","0.19585828670786978","0.7444605009633911","0.7791777440094998","19","0.18610501294439144","0.6610605990089149","1.0834447687322444","0.6507707129094412","0.7299387522162368","19","0.19089320847696756","0.6638817576632735","1.0910977450284092","0.7020712909441233","0.7559664465402385","19","0.19013839786364625","0.6949401829980791","1.1120330348159329","0.6989402697495183","0.7558539795593571","19","0.18723231063080403","0.6540880779388054","1.0822096159963897","0.7273624475697015","0.7603777325341551","19","0.20660698250139128","0.879101603040329","1.235208800344756","0.7388366627497063","0.7701645504665328","0.1985075618166408","0.7065884543477753","1.0510992625403026","0.6316098707403055","0.7141824843838878","0.20324490197252987","0.7081611903680831","1.0554642450241816","0.6897767332549941","0.7434503404681033","0.2028760523187875","0.743520732306319","1.0793133690243675","0.6871327849588719","0.7444443681703393","0.19824404861819322","0.6949006387718105","1.043743194095672","0.7182802164762477","0.7486165502697604","0.221047115936727","0.9453386626880277","1.2063621642097595","19","1.1643141640557184","19","1.1291027069091797","19","1.1600235833062067","19","1.1040369669596355","19","1.218168364630805","0.6725711218464842","0.7284282260015551","19","0.2157146698433738","0.6604249637588984","0.9261729649135044","0.6847697756788665","0.7578323439495144","19","0.1691050877798378","0.570132804735703","1.1675901140485492","0.6502304147465438","0.7343539995041559","19","0.18152241573823177","0.6569992208186071","1.0991714477539063","0.7754596888260255","0.8093039842853113","19","0.156851720255403","0.5046996207650125","1.1213111877441406","0.7386530014641288","0.7746556190496128","19","0.1893417633649034","0.7939461225398875","1.5235356931333188",""
"test_multimodal_mae","50","0.005","false","false","","multimodal_rna_dna_bigset_800_mae_29_march","2340","-","0.8258670520231214","0.7133352479929945","0.2934730250481696","0.2100350988302917","0.8557998394703705","0.7767842587090101","0.5605711913904193","0.10891507483033921","0.17336805211206305","0.15976673057497445","0.11001394060033964","0.024885883498344707","0.510170606100889","0.47168166888891533","0.3292953836198478","0.07121221021457938","0.9756444295247396","0.9485888625636246","0.8656801743940874","0.041678108257103","0.8334312573443008","0.6953955694301847","0.1818448883666275","0.25692823843510226","0.8558493709782842","0.7620620415701054","0.4982467058598858","0.13275374080891097","0.18577716693784316","0.17127148628997407","0.11692422857860912","0.027181360372795813","0.5439716834325988","0.5034687429258505","0.3481726368972359","0.07766111812808943","0.959275139702691","0.9341624910869296","0.8427630833217076","0.04574530721208244","0.8199121522693997","0.6996879489605341","0.26820149547422273","0.21595095844510867","0.8408942109894608","0.7684305086645645","0.5484149315347088","0.11046669458500441","49","49","49","0.18479875789987704","0.16282693163140505","0.13812373029047803","0.015414235195971772","0.5490572216365132","0.5107686646883469","0.4716970876296613","0.0296497752487216","1.2070063999720981","1.066064023618345","0.8062473842075892","0.1480784835804209","0.8258670520231214","0.8270111289889787","49","0.17184479404516406","0.5072083127496193","0.9715358849727747","0.2934730250481696","0.5605711913904193","49","0.17233064226733089","0.5066489665207835","0.9674395936908144","0.8061175337186898","0.8174206549343576","49","0.17127622384997468","0.5050850754534371","0.9626442302357067","0.8196050096339114","0.8231184787609241","49","0.17336805211206305","0.510170606100889","0.9756444295247396","0.8216136195410807","0.8557998394703705","49","0.11001394060033964","0.3292953836198478","0.8656801743940874","0.8334312573443008","0.8245937128955554","0.1842438315531899","0.5412115468964098","0.9569249228825645","0.1818448883666275","0.4982467058598858","0.1853514766468559","0.5437229766254708","0.959275139702691","0.8072855464159812","0.8116124093413045","0.1840607277333721","0.5402648707775373","0.9533403790186322","0.8257931844888367","0.8200080087754967","0.18577716693784316","0.5439716834325988","0.9585089305090526","0.8286229705351774","0.8558493709782842","0.11692422857860912","0.3481726368972359","0.8427630833217076","49","1.0453126695421007","49","0.976796997918023","49","1.0000470479329426","49","0.9852408303154839","49","0.7690075238545736","0.8099838969404187","0.8125925695202708","49","0.18479875789987704","0.5347500021248031","0.8062473842075892","0.26820149547422273","0.5484149315347088","49","0.17137163240480507","0.5490572216365132","1.2070063999720981","0.8096774193548387","0.8256750235088893","49","0.15832737233706004","0.4716970876296613","1.0049514770507812","0.7906647807637907","0.8145758077694929","49","0.161513165224805","0.482454862358011","1.1218932822898582","0.8199121522693997","0.8408942109894608","49","0.13812373029047803","0.515884149692746","1.1902215745713975",""